{"cameraMode":{"drawMode":0,"name":"Shaded","section":"Shading Mode"},"sceneLighting":true,"audioPlay":false,"sceneViewState":{"showFog":true,"showMaterialUpdate":false,"showSkybox":true,"showFlares":true,"showImageEffects":true,"showParticleSystems":true},"in2DMode":false,"pivot":{"x":100.61788177490235,"y":4.8299031257629398,"z":-92.6179428100586},"rotation":{"x":-0.010043058544397354,"y":0.9858297109603882,"z":-0.06398085504770279,"w":-0.15474508702754975},"size":3.1148571968078615,"orthographic":false}